<?xml version="1.0" encoding="UTF-8"?>

<mule xmlns:secure-property-placeholder="http://www.mulesoft.org/schema/mule/secure-property-placeholder" xmlns:tls="http://www.mulesoft.org/schema/mule/tls"
	xmlns:api-platform-gw="http://www.mulesoft.org/schema/mule/api-platform-gw" xmlns:json-logger="http://www.mulesoft.org/schema/mule/json-logger" xmlns:apikit="http://www.mulesoft.org/schema/mule/apikit"
	xmlns:http="http://www.mulesoft.org/schema/mule/http"
	xmlns="http://www.mulesoft.org/schema/mule/core" xmlns:doc="http://www.mulesoft.org/schema/mule/documentation"
	xmlns:spring="http://www.springframework.org/schema/beans" 
	xmlns:xsi="http://www.w3.org/2001/XMLSchema-instance"
	xsi:schemaLocation="http://www.mulesoft.org/schema/mule/tls http://www.mulesoft.org/schema/mule/tls/current/mule-tls.xsd
http://www.mulesoft.org/schema/mule/apikit http://www.mulesoft.org/schema/mule/apikit/current/mule-apikit.xsd
http://www.mulesoft.org/schema/mule/http http://www.mulesoft.org/schema/mule/http/current/mule-http.xsd
http://www.springframework.org/schema/beans http://www.springframework.org/schema/beans/spring-beans-current.xsd
http://www.mulesoft.org/schema/mule/core http://www.mulesoft.org/schema/mule/core/current/mule.xsd
http://www.mulesoft.org/schema/mule/json-logger http://www.mulesoft.org/schema/mule/json-logger/current/mule-json-logger.xsd
http://www.mulesoft.org/schema/mule/api-platform-gw http://www.mulesoft.org/schema/mule/api-platform-gw/current/mule-api-platform-gw.xsd
http://www.mulesoft.org/schema/mule/secure-property-placeholder http://www.mulesoft.org/schema/mule/secure-property-placeholder/current/mule-secure-property-placeholder.xsd">
   
    <spring:beans>
    	<!-- Import global error handler from api-framework library -->
        <spring:import resource="classpath:error-handler.xml"/>
        <!-- Import global api-http-listener-config from api-framework library -->
        <spring:import resource="classpath:api-http-listener-config.xml"/>
        <!-- Import global json-logger-config from api-framework library -->
        <spring:import resource="classpath:json-logger-config.xml"/>
    </spring:beans>
        
    <!-- API Autodiscovery configuration for API Management -->
    <api-platform-gw:api apiName="${api.name}" version="${api.version}" flowRef="api-main" create="false" apikitRef="api-config" doc:name="API Autodiscovery"/>

	<!-- APIKit Router Config based on RAML spec -->
    <apikit:config name="api-config" raml="api.raml" consoleEnabled="false" doc:name="Router"/>
    
	<!-- Secure Properties configuration: It requires an encryption key to be passed as "mule.key" -->
	<secure-property-placeholder:config name="Secure_Property_Placeholder" key="${mule.key}" location="config.${mule.env}.properties" doc:name="Secure Property Placeholder" />

</mule>
